<?xml version="1.0" encoding="UTF-8"?>
<beans xmlns="http://www.springframework.org/schema/beans"
	xmlns:xsi="http://www.w3.org/2001/XMLSchema-instance"
	xmlns:context="http://www.springframework.org/schema/context"
	xmlns:mybatis-spring="http://mybatis.org/schema/mybatis-spring"
	xsi:schemaLocation="http://mybatis.org/schema/mybatis-spring http://mybatis.org/schema/mybatis-spring-1.2.xsd
		http://www.springframework.org/schema/beans https://www.springframework.org/schema/beans/spring-beans.xsd
		http://www.springframework.org/schema/context http://www.springframework.org/schema/context/spring-context-4.3.xsd">
	
	<!-- Root Context: defines shared resources visible to all other web components -->
		
	<bean id="hikariConfig" class="com.zaxxer.hikari.HikariConfig"> 
        <property name="driverClassName" value="com.mysql.cj.jdbc.Driver"></property> 
        <property name="jdbcUrl" value="jdbc:mysql://localhost:3306/subau?serverTimezone=Asia/Seoul&amp;allowMultiQueries=true"></property> 
        <property name="username" value="root"></property> 
        <property name="password" value="vmfhwprxm3!"></property> 
    </bean> 
    
    <bean id="datasource" class="com.zaxxer.hikari.HikariDataSource" destroy-method="close"> 
        <constructor-arg ref="hikariConfig"></constructor-arg> 
    </bean>  
    
    <bean id="sqlSessionFactory" class="org.mybatis.spring.SqlSessionFactoryBean">
        <property name="dataSource" ref="datasource"></property>
    </bean>    
 
	 
	<mybatis-spring:scan base-package="com.subau.mapper"/>
    <context:component-scan base-package="com.subau.model"></context:component-scan>
    <context:component-scan base-package="com.subau.service"></context:component-scan>
		
</beans>
